{
	"easycom": {
		"^u-(.*)": "uview-ui/components/u-$1/u-$1.vue"
	},
	"pages": [{
			"path": "pages/tabBar/index",
			"style": {
				"navigationBarTitleText": "%tabBar.index.text%",
				"navigationBarTextStyle": "black"
			}
		},
		{
			"path": "pages/tabBar/chart",
			"style": {
				"navigationBarTitleText": "%tabBar.chart.text%"
			}
		},
		{
			"path": "pages/tabBar/kchart",
			"style": {
				"navigationBarTitleText": "%tabBar.chart.text%"
			}
		},
		{
			"path": "pages/tabBar/trade",
			"style": {
				"navigationBarTitleText": "%tabBar.trade.text%"
			}
		},
		{
			"path": "pages/tabBar/history",
			"style": {
				"navigationBarTitleText": "%tabBar.history.text%"
			}
		},
		{
			"path": "pages/tabBar/setup",
			"style": {
				"navigationBarTitleText": "%tabBar.setup.text%"
			}
		},
		{
			"path": "pages/setup/language",
			"style": {
				"navigationBarTitleText": "语言列表"
			}
		},
		{
			"path": "pages/auth/login",
			"style": {
				"navigationBarTitleText": "登录"
			}
		},{
			"path": "pages/auth/register",
			"style": {
				"navigationBarTitleText": "注册"
			}
		}, {
			"path": "pages/transAdd/index",
			"style": {
				"navigationBarTitleText": "",
				"enablePullDownRefresh": false
			}

		}, {
			"path": "pages/transAdd/add",
			"style": {
				"navigationBarTitleText": "",
				"enablePullDownRefresh": false
			}

		}, {
			"path": "pages/transAdd/history",
			"style": {
				"navigationBarTitleText": "",
				"enablePullDownRefresh": false
			}

		}, {
			"path": "pages/index/index",
			"style": {
				"navigationBarTitleText": "",
				"enablePullDownRefresh": false
			}

		}, {
			"path": "pages/index/details",
			"style": {
				"navigationBarTitleText": "",
				"enablePullDownRefresh": false
			}

		}, {
			"path": "pages/index/search",
			"style": {
				"navigationBarTitleText": "",
				"enablePullDownRefresh": false
			}

		}, {
			"path": "pages/index/cashOut",
			"style": {
				"navigationBarTitleText": "",
				"enablePullDownRefresh": false
			}

		}
	    ,{
            "path" : "pages/index/deposit",
            "style" :                                                                                    
            {
                "navigationBarTitleText": "",
                "enablePullDownRefresh": false
            }
            
        }
        ,{
            "path" : "pages/setup/withdrawal",
            "style" :                                                                                    
            {
                "navigationBarTitleText": "",
                "enablePullDownRefresh": false
            }
            
        }
        ,{
            "path" : "pages/index/wallet",
            "style" :                                                                                    
            {
                "navigationBarTitleText": "",
                "enablePullDownRefresh": false
            }
            
        }
        ,{
            "path" : "pages/index/binding",
            "style" :                                                                                    
            {
                "navigationBarTitleText": "",
                "enablePullDownRefresh": false
            }
            
        }
    ],
	"tabBar": {
		"color": "#a5a5a4",
		"selectedColor": "#1296db",
		"borderStyle": "black",
		"backgroundColor": "#fff",
		"list": [{
				"pagePath": "pages/tabBar/index",
				"text": "%tabBar.index.text%",
				"iconPath": "static/image/tabar/home.png",
				"selectedIconPath": "static/image/tabar/home1.png"
			},
			{
				"pagePath": "pages/tabBar/kchart",
				"text": "%tabBar.chart.text%",
				"iconPath": "static/image/tabar/home.png",
				"selectedIconPath": "static/image/tabar/home1.png"
			},
			{
				"pagePath": "pages/tabBar/trade",
				"text": "%tabBar.trade.text%",
				"iconPath": "static/image/tabar/jiaoyi.png",
				"selectedIconPath": "static/image/tabar/jiaoyi1.png"
			},
			{
				"pagePath": "pages/tabBar/history",
				"text": "%tabBar.history.text%",
				"iconPath": "static/image/tabar/lishi.png",
				"selectedIconPath": "static/image/tabar/lishi1.png"
			},
			{
				"pagePath": "pages/tabBar/setup",
				"text": "%tabBar.setup.text%",
				"iconPath": "static/image/tabar/lishi.png",
				"selectedIconPath": "static/image/tabar/lishi1.png"
			}
		]
	},
	"globalStyle": {
		"navigationBarTitleText": "uni-app",
		"navigationBarTextStyle": "white",
		"navigationBarBackgroundColor": "#fe8113",
		"backgroundColor": "#fe8113",
		"navigationStyle": "custom"
	},
	"uniIdRouter": {}
}